ID,Name,Email,Gender,Status,Created At,Updated At
3136950,Fr. Jagadish,jagadish_fr_chattopadhyay@kshlerin-runte.example,female,inactive,Fri Jun 23 2023 15:30:00 GMT+0530 (India Standard Time),Fri Jun 23 2023 15:30:00 GMT+0530 (India Standard Time)
3136943,Fr. Mina Mukhopadhyay,mukhopadhyay_fr_mina@zemlak.test,female,active,Fri Jun 23 2023 15:30:00 GMT+0530 (India Standard Time),Fri Jun 23 2023 15:30:00 GMT+0530 (India Standard Time)
3136941,Manik Ganaka,manik_ganaka@witting.test,female,active,Fri Jun 23 2023 15:30:00 GMT+0530 (India Standard Time),Fri Jun 23 2023 15:30:00 GMT+0530 (India Standard Time)
3136939,Dhananjay Achari,dhananjay_achari@leuschke-konopelski.test,female,active,Fri Jun 23 2023 15:30:00 GMT+0530 (India Standard Time),Fri Jun 23 2023 15:30:00 GMT+0530 (India Standard Time)
3136938,Rakesh Marar V,v_rakesh_marar@mayert.example,male,inactive,Fri Jun 23 2023 15:30:00 GMT+0530 (India Standard Time),Fri Jun 23 2023 15:30:00 GMT+0530 (India Standard Time)
3136937,Chandra Pothuvaal,chandra_pothuvaal@bogisich.test,female,active,Fri Jun 23 2023 15:30:00 GMT+0530 (India Standard Time),Fri Jun 23 2023 15:30:00 GMT+0530 (India Standard Time)
3136949,Mandaakin Panicker,mandaakin_panicker@stamm.example,female,active,Fri Jun 23 2023 15:30:00 GMT+0530 (India Standard Time),Fri Jun 23 2023 15:30:00 GMT+0530 (India Standard Time)
3136948,Malti Achari,malti_achari@muller.test,male,active,Fri Jun 23 2023 15:30:00 GMT+0530 (India Standard Time),Fri Jun 23 2023 15:30:00 GMT+0530 (India Standard Time)
3136935,Purushottam Talwar,purushottam_talwar@batz.test,female,active,Fri Jun 23 2023 15:30:00 GMT+0530 (India Standard Time),Fri Jun 23 2023 15:30:00 GMT+0530 (India Standard Time)
3136936,Vasanti Kocchar LLD,lld_kocchar_vasanti@hermann-gusikowski.example,male,inactive,Fri Jun 23 2023 15:30:00 GMT+0530 (India Standard Time),Fri Jun 23 2023 15:30:00 GMT+0530 (India Standard Time)
3136950,Fr. Jagadish Chattopadhyay,jagadish_fr_chattopadhyay@kshlerin-runte.example,female,inactive,Fri Jun 23 2023 15:32:18 GMT+0530 (India Standard Time),Fri Jun 23 2023 15:32:18 GMT+0530 (India Standard Time)
3136943,Fr. Mina Mukhopadhyay,mukhopadhyay_fr_mina@zemlak.test,female,active,Fri Jun 23 2023 15:32:18 GMT+0530 (India Standard Time),Fri Jun 23 2023 15:32:18 GMT+0530 (India Standard Time)
3136941,Manik Ganaka,manik_ganaka@witting.test,female,active,Fri Jun 23 2023 15:32:18 GMT+0530 (India Standard Time),Fri Jun 23 2023 15:32:18 GMT+0530 (India Standard Time)
3136939,Dhananjay Achari,dhananjay_achari@leuschke-konopelski.test,female,active,Fri Jun 23 2023 15:32:18 GMT+0530 (India Standard Time),Fri Jun 23 2023 15:32:18 GMT+0530 (India Standard Time)
3136938,Rakesh Marar V,v_rakesh_marar@mayert.example,male,inactive,Fri Jun 23 2023 15:32:18 GMT+0530 (India Standard Time),Fri Jun 23 2023 15:32:18 GMT+0530 (India Standard Time)
3136949,Mandaakin Panicker,mandaakin_panicker@stamm.example,female,active,Fri Jun 23 2023 15:32:18 GMT+0530 (India Standard Time),Fri Jun 23 2023 15:32:18 GMT+0530 (India Standard Time)
3136948,Malti Achari,malti_achari@muller.test,male,active,Fri Jun 23 2023 15:32:18 GMT+0530 (India Standard Time),Fri Jun 23 2023 15:32:18 GMT+0530 (India Standard Time)
3136933,Devika Kaur,kaur_devika@mclaughlin.example,female,inactive,Fri Jun 23 2023 15:32:18 GMT+0530 (India Standard Time),Fri Jun 23 2023 15:32:18 GMT+0530 (India Standard Time)
3136937,Chandra Pothuvaal,chandra_pothuvaal@bogisich.test,female,active,Fri Jun 23 2023 15:32:18 GMT+0530 (India Standard Time),Fri Jun 23 2023 15:32:18 GMT+0530 (India Standard Time)
3136936,Vasanti Kocchar LLD,lld_kocchar_vasanti@hermann-gusikowski.example,male,inactive,Fri Jun 23 2023 15:32:18 GMT+0530 (India Standard Time),Fri Jun 23 2023 15:32:18 GMT+0530 (India Standard Time)
